url,http_status,content_type,title,canonical,h1_count,jsonld_script_count,inbound_html_pages,reachable_from_home
https://rangeljanitorial.com,200,text/html; charset=UTF-8,Rangel Janitorial | Professional Commercial Cleaning Services in California,,1,1,120,True
https://rangeljanitorial.com/services,200,text/html; charset=UTF-8,Commercial Cleaning Services | Rangel Janitorial | Rangel Janitorial,https://rangeljanitorial.com/services,1,0,120,True
https://rangeljanitorial.com/locations,200,text/html; charset=UTF-8,Service Locations | Professional Janitorial Services Across California | Rangel Janitorial,https://rangeljanitorial.com/locations,1,0,120,True
https://rangeljanitorial.com/blog,200,text/html; charset=UTF-8,Blog | Rangel Janitorial,https://rangeljanitorial.com/blog,1,0,120,True
https://rangeljanitorial.com/privacy-policy,200,text/html; charset=UTF-8,Privacy Policy | Rangel Janitorial,https://rangeljanitorial.com/privacy-policy,1,0,1,False
https://rangeljanitorial.com/terms-of-service,200,text/html; charset=UTF-8,Terms of Service | Rangel Janitorial,https://rangeljanitorial.com/terms-of-service,1,0,1,False
https://rangeljanitorial.com/services/janitorial-cleaning,200,text/html; charset=UTF-8,Janitorial Cleaning | Rangel Janitorial | Rangel Janitorial,https://rangeljanitorial.com/services/janitorial-cleaning,1,1,120,True
https://rangeljanitorial.com/services/day-porter,200,text/html; charset=UTF-8,Day Porter | Rangel Janitorial | Rangel Janitorial,https://rangeljanitorial.com/services/day-porter,1,1,120,True
https://rangeljanitorial.com/services/electrostatic-disinfection,200,text/html; charset=UTF-8,Electrostatic Disinfection | Rangel Janitorial | Rangel Janitorial,https://rangeljanitorial.com/services/electrostatic-disinfection,1,1,120,True
https://rangeljanitorial.com/services/floor-care,200,text/html; charset=UTF-8,Floor Care | Rangel Janitorial | Rangel Janitorial,https://rangeljanitorial.com/services/floor-care,1,1,120,True
https://rangeljanitorial.com/services/office-cleaning,200,text/html; charset=UTF-8,Office Cleaning | Rangel Janitorial | Rangel Janitorial,https://rangeljanitorial.com/services/office-cleaning,1,1,120,True
https://rangeljanitorial.com/locations/sacramento,200,text/html; charset=UTF-8,"Professional Janitorial Services in Sacramento, CA | Rangel Janitorial | Rangel Janitorial",https://rangeljanitorial.com/locations/sacramento,1,4,120,True
https://rangeljanitorial.com/locations/murrieta,200,text/html; charset=UTF-8,Professional Janitorial Services in Murrieta & Inland Empire | Rangel Janitorial | Rangel Janitorial,https://rangeljanitorial.com/locations/murrieta,1,4,120,True
https://rangeljanitorial.com/locations/walnut-creek,200,text/html; charset=UTF-8,Professional Janitorial Services in Walnut Creek & East Bay | Rangel Janitorial | Rangel Janitorial,https://rangeljanitorial.com/locations/walnut-creek,1,4,120,True
https://rangeljanitorial.com/locations/sacramento/sacramento,200,text/html; charset=UTF-8,"Professional Janitorial Services in Sacramento, CA | Rangel Janitorial | Rangel Janitorial",https://rangeljanitorial.com/locations/sacramento/sacramento,1,2,1,True
https://rangeljanitorial.com/locations/sacramento/downtown-sacramento,200,text/html; charset=UTF-8,"Professional Janitorial Services in Downtown Sacramento, CA | Rangel Janitorial | Rangel Janitorial",https://rangeljanitorial.com/locations/sacramento/downtown-sacramento,1,2,1,True
https://rangeljanitorial.com/locations/sacramento/midtown-sacramento,200,text/html; charset=UTF-8,"Professional Janitorial Services in Midtown Sacramento, CA | Rangel Janitorial | Rangel Janitorial",https://rangeljanitorial.com/locations/sacramento/midtown-sacramento,1,2,1,True
https://rangeljanitorial.com/locations/sacramento/roseville,200,text/html; charset=UTF-8,"Professional Janitorial Services in Roseville, CA | Rangel Janitorial | Rangel Janitorial",https://rangeljanitorial.com/locations/sacramento/roseville,1,2,1,True
https://rangeljanitorial.com/locations/sacramento/folsom,200,text/html; charset=UTF-8,"Professional Janitorial Services in Folsom, CA | Rangel Janitorial | Rangel Janitorial",https://rangeljanitorial.com/locations/sacramento/folsom,1,2,1,True
https://rangeljanitorial.com/locations/sacramento/rancho-cordova,200,text/html; charset=UTF-8,"Professional Janitorial Services in Rancho Cordova, CA | Rangel Janitorial | Rangel Janitorial",https://rangeljanitorial.com/locations/sacramento/rancho-cordova,1,2,1,True
https://rangeljanitorial.com/locations/sacramento/citrus-heights,200,text/html; charset=UTF-8,"Professional Janitorial Services in Citrus Heights, CA | Rangel Janitorial | Rangel Janitorial",https://rangeljanitorial.com/locations/sacramento/citrus-heights,1,2,1,True
https://rangeljanitorial.com/locations/sacramento/natomas,200,text/html; charset=UTF-8,"Professional Janitorial Services in Natomas, CA | Rangel Janitorial | Rangel Janitorial",https://rangeljanitorial.com/locations/sacramento/natomas,1,2,1,True
https://rangeljanitorial.com/locations/sacramento/west-sacramento,200,text/html; charset=UTF-8,"Professional Janitorial Services in West Sacramento, CA | Rangel Janitorial | Rangel Janitorial",https://rangeljanitorial.com/locations/sacramento/west-sacramento,1,2,1,True
https://rangeljanitorial.com/locations/sacramento/carmichael,200,text/html; charset=UTF-8,"Professional Janitorial Services in Carmichael, CA | Rangel Janitorial | Rangel Janitorial",https://rangeljanitorial.com/locations/sacramento/carmichael,1,2,0,False
https://rangeljanitorial.com/locations/sacramento/fair-oaks,200,text/html; charset=UTF-8,"Professional Janitorial Services in Fair Oaks, CA | Rangel Janitorial | Rangel Janitorial",https://rangeljanitorial.com/locations/sacramento/fair-oaks,1,2,0,False
https://rangeljanitorial.com/locations/sacramento/orangevale,200,text/html; charset=UTF-8,"Professional Janitorial Services in Orangevale, CA | Rangel Janitorial | Rangel Janitorial",https://rangeljanitorial.com/locations/sacramento/orangevale,1,2,0,False
https://rangeljanitorial.com/locations/sacramento/antelope,200,text/html; charset=UTF-8,"Professional Janitorial Services in Antelope, CA | Rangel Janitorial | Rangel Janitorial",https://rangeljanitorial.com/locations/sacramento/antelope,1,2,0,False
https://rangeljanitorial.com/locations/sacramento/north-highlands,200,text/html; charset=UTF-8,"Professional Janitorial Services in North Highlands, CA | Rangel Janitorial | Rangel Janitorial",https://rangeljanitorial.com/locations/sacramento/north-highlands,1,2,0,False
https://rangeljanitorial.com/locations/sacramento/arden-arcade,200,text/html; charset=UTF-8,"Professional Janitorial Services in Arden-Arcade, CA | Rangel Janitorial | Rangel Janitorial",https://rangeljanitorial.com/locations/sacramento/arden-arcade,1,2,0,False
https://rangeljanitorial.com/locations/sacramento/rocklin,200,text/html; charset=UTF-8,"Professional Janitorial Services in Rocklin, CA | Rangel Janitorial | Rangel Janitorial",https://rangeljanitorial.com/locations/sacramento/rocklin,1,2,0,False
https://rangeljanitorial.com/locations/sacramento/lincoln,200,text/html; charset=UTF-8,"Professional Janitorial Services in Lincoln, CA | Rangel Janitorial | Rangel Janitorial",https://rangeljanitorial.com/locations/sacramento/lincoln,1,2,0,False
https://rangeljanitorial.com/locations/sacramento/woodland,200,text/html; charset=UTF-8,"Professional Janitorial Services in Woodland, CA | Rangel Janitorial | Rangel Janitorial",https://rangeljanitorial.com/locations/sacramento/woodland,1,2,0,False
https://rangeljanitorial.com/locations/sacramento/davis,200,text/html; charset=UTF-8,"Professional Janitorial Services in Davis, CA | Rangel Janitorial | Rangel Janitorial",https://rangeljanitorial.com/locations/sacramento/davis,1,2,0,False
https://rangeljanitorial.com/locations/sacramento/loomis,200,text/html; charset=UTF-8,"Professional Janitorial Services in Loomis, CA | Rangel Janitorial | Rangel Janitorial",https://rangeljanitorial.com/locations/sacramento/loomis,1,2,0,False
https://rangeljanitorial.com/locations/sacramento/granite-bay,200,text/html; charset=UTF-8,"Professional Janitorial Services in Granite Bay, CA | Rangel Janitorial | Rangel Janitorial",https://rangeljanitorial.com/locations/sacramento/granite-bay,1,2,0,False
https://rangeljanitorial.com/locations/murrieta/murrieta,200,text/html; charset=UTF-8,"Professional Janitorial Services in Murrieta, CA | Rangel Janitorial | Rangel Janitorial",https://rangeljanitorial.com/locations/murrieta/murrieta,1,2,1,True
https://rangeljanitorial.com/locations/murrieta/temecula,200,text/html; charset=UTF-8,"Professional Janitorial Services in Temecula, CA | Rangel Janitorial | Rangel Janitorial",https://rangeljanitorial.com/locations/murrieta/temecula,1,2,1,True
https://rangeljanitorial.com/locations/murrieta/french-valley,200,text/html; charset=UTF-8,"Professional Janitorial Services in French Valley, CA | Rangel Janitorial | Rangel Janitorial",https://rangeljanitorial.com/locations/murrieta/french-valley,1,2,1,True
https://rangeljanitorial.com/locations/murrieta/menifee,200,text/html; charset=UTF-8,"Professional Janitorial Services in Menifee, CA | Rangel Janitorial | Rangel Janitorial",https://rangeljanitorial.com/locations/murrieta/menifee,1,2,1,True
https://rangeljanitorial.com/locations/murrieta/lake-elsinore,200,text/html; charset=UTF-8,"Professional Janitorial Services in Lake Elsinore, CA | Rangel Janitorial | Rangel Janitorial",https://rangeljanitorial.com/locations/murrieta/lake-elsinore,1,2,1,True
https://rangeljanitorial.com/locations/murrieta/hemet,200,text/html; charset=UTF-8,"Professional Janitorial Services in Hemet, CA | Rangel Janitorial | Rangel Janitorial",https://rangeljanitorial.com/locations/murrieta/hemet,1,2,1,True
https://rangeljanitorial.com/locations/murrieta/perris,200,text/html; charset=UTF-8,"Professional Janitorial Services in Perris, CA | Rangel Janitorial | Rangel Janitorial",https://rangeljanitorial.com/locations/murrieta/perris,1,2,1,True
https://rangeljanitorial.com/locations/murrieta/wildomar,200,text/html; charset=UTF-8,"Professional Janitorial Services in Wildomar, CA | Rangel Janitorial | Rangel Janitorial",https://rangeljanitorial.com/locations/murrieta/wildomar,1,2,1,True
https://rangeljanitorial.com/locations/murrieta/canyon-lake,200,text/html; charset=UTF-8,"Professional Janitorial Services in Canyon Lake, CA | Rangel Janitorial | Rangel Janitorial",https://rangeljanitorial.com/locations/murrieta/canyon-lake,1,2,1,True
https://rangeljanitorial.com/locations/murrieta/temescal-valley,200,text/html; charset=UTF-8,"Professional Janitorial Services in Temescal Valley, CA | Rangel Janitorial | Rangel Janitorial",https://rangeljanitorial.com/locations/murrieta/temescal-valley,1,2,1,True
https://rangeljanitorial.com/locations/murrieta/winchester,200,text/html; charset=UTF-8,"Professional Janitorial Services in Winchester, CA | Rangel Janitorial | Rangel Janitorial",https://rangeljanitorial.com/locations/murrieta/winchester,1,2,1,True
https://rangeljanitorial.com/locations/murrieta/ontario,200,text/html; charset=UTF-8,"Professional Janitorial Services in Ontario, CA | Rangel Janitorial | Rangel Janitorial",https://rangeljanitorial.com/locations/murrieta/ontario,1,2,0,False
https://rangeljanitorial.com/locations/murrieta/fontana,200,text/html; charset=UTF-8,"Professional Janitorial Services in Fontana, CA | Rangel Janitorial | Rangel Janitorial",https://rangeljanitorial.com/locations/murrieta/fontana,1,2,0,False
https://rangeljanitorial.com/locations/murrieta/rialto,200,text/html; charset=UTF-8,"Professional Janitorial Services in Rialto, CA | Rangel Janitorial | Rangel Janitorial",https://rangeljanitorial.com/locations/murrieta/rialto,1,2,0,False
https://rangeljanitorial.com/locations/murrieta/corona,200,text/html; charset=UTF-8,"Professional Janitorial Services in Corona, CA | Rangel Janitorial | Rangel Janitorial",https://rangeljanitorial.com/locations/murrieta/corona,1,2,0,False
https://rangeljanitorial.com/locations/murrieta/riverside,200,text/html; charset=UTF-8,"Professional Janitorial Services in Riverside, CA | Rangel Janitorial | Rangel Janitorial",https://rangeljanitorial.com/locations/murrieta/riverside,1,2,0,False
https://rangeljanitorial.com/locations/murrieta/moreno-valley,200,text/html; charset=UTF-8,"Professional Janitorial Services in Moreno Valley, CA | Rangel Janitorial | Rangel Janitorial",https://rangeljanitorial.com/locations/murrieta/moreno-valley,1,2,0,False
https://rangeljanitorial.com/locations/murrieta/san-jacinto,200,text/html; charset=UTF-8,"Professional Janitorial Services in San Jacinto, CA | Rangel Janitorial | Rangel Janitorial",https://rangeljanitorial.com/locations/murrieta/san-jacinto,1,2,0,False
https://rangeljanitorial.com/locations/murrieta/beaumont,200,text/html; charset=UTF-8,"Professional Janitorial Services in Beaumont, CA | Rangel Janitorial | Rangel Janitorial",https://rangeljanitorial.com/locations/murrieta/beaumont,1,2,0,False
https://rangeljanitorial.com/locations/murrieta/eastvale,200,text/html; charset=UTF-8,"Professional Janitorial Services in Eastvale, CA | Rangel Janitorial | Rangel Janitorial",https://rangeljanitorial.com/locations/murrieta/eastvale,1,2,0,False
https://rangeljanitorial.com/locations/walnut-creek/walnut-creek,200,text/html; charset=UTF-8,"Professional Janitorial Services in Walnut Creek, CA | Rangel Janitorial | Rangel Janitorial",https://rangeljanitorial.com/locations/walnut-creek/walnut-creek,1,2,1,True
https://rangeljanitorial.com/locations/walnut-creek/concord,200,text/html; charset=UTF-8,"Professional Janitorial Services in Concord, CA | Rangel Janitorial | Rangel Janitorial",https://rangeljanitorial.com/locations/walnut-creek/concord,1,2,1,True
https://rangeljanitorial.com/locations/walnut-creek/pleasant-hill,200,text/html; charset=UTF-8,"Professional Janitorial Services in Pleasant Hill, CA | Rangel Janitorial | Rangel Janitorial",https://rangeljanitorial.com/locations/walnut-creek/pleasant-hill,1,2,1,True
https://rangeljanitorial.com/locations/walnut-creek/lafayette,200,text/html; charset=UTF-8,"Professional Janitorial Services in Lafayette, CA | Rangel Janitorial | Rangel Janitorial",https://rangeljanitorial.com/locations/walnut-creek/lafayette,1,2,1,True
https://rangeljanitorial.com/locations/walnut-creek/danville,200,text/html; charset=UTF-8,"Professional Janitorial Services in Danville, CA | Rangel Janitorial | Rangel Janitorial",https://rangeljanitorial.com/locations/walnut-creek/danville,1,2,1,True
https://rangeljanitorial.com/locations/walnut-creek/martinez,200,text/html; charset=UTF-8,"Professional Janitorial Services in Martinez, CA | Rangel Janitorial | Rangel Janitorial",https://rangeljanitorial.com/locations/walnut-creek/martinez,1,2,1,True
https://rangeljanitorial.com/locations/walnut-creek/san-ramon,200,text/html; charset=UTF-8,"Professional Janitorial Services in San Ramon, CA | Rangel Janitorial | Rangel Janitorial",https://rangeljanitorial.com/locations/walnut-creek/san-ramon,1,2,1,True
https://rangeljanitorial.com/locations/walnut-creek/dublin,200,text/html; charset=UTF-8,"Professional Janitorial Services in Dublin, CA | Rangel Janitorial | Rangel Janitorial",https://rangeljanitorial.com/locations/walnut-creek/dublin,1,2,1,True
https://rangeljanitorial.com/locations/walnut-creek/livermore,200,text/html; charset=UTF-8,"Professional Janitorial Services in Livermore, CA | Rangel Janitorial | Rangel Janitorial",https://rangeljanitorial.com/locations/walnut-creek/livermore,1,2,0,False
https://rangeljanitorial.com/locations/walnut-creek/pleasanton,200,text/html; charset=UTF-8,"Professional Janitorial Services in Pleasanton, CA | Rangel Janitorial | Rangel Janitorial",https://rangeljanitorial.com/locations/walnut-creek/pleasanton,1,2,0,False
https://rangeljanitorial.com/locations/walnut-creek/orinda,200,text/html; charset=UTF-8,"Professional Janitorial Services in Orinda, CA | Rangel Janitorial | Rangel Janitorial",https://rangeljanitorial.com/locations/walnut-creek/orinda,1,2,0,False
https://rangeljanitorial.com/locations/walnut-creek/moraga,200,text/html; charset=UTF-8,"Professional Janitorial Services in Moraga, CA | Rangel Janitorial | Rangel Janitorial",https://rangeljanitorial.com/locations/walnut-creek/moraga,1,2,0,False
https://rangeljanitorial.com/locations/walnut-creek/alamo,200,text/html; charset=UTF-8,"Professional Janitorial Services in Alamo, CA | Rangel Janitorial | Rangel Janitorial",https://rangeljanitorial.com/locations/walnut-creek/alamo,1,2,0,False
https://rangeljanitorial.com/locations/walnut-creek/clayton,200,text/html; charset=UTF-8,"Professional Janitorial Services in Clayton, CA | Rangel Janitorial | Rangel Janitorial",https://rangeljanitorial.com/locations/walnut-creek/clayton,1,2,0,False
https://rangeljanitorial.com/locations/walnut-creek/antioch,200,text/html; charset=UTF-8,"Professional Janitorial Services in Antioch, CA | Rangel Janitorial | Rangel Janitorial",https://rangeljanitorial.com/locations/walnut-creek/antioch,1,2,0,False
https://rangeljanitorial.com/locations/walnut-creek/brentwood,200,text/html; charset=UTF-8,"Professional Janitorial Services in Brentwood, CA | Rangel Janitorial | Rangel Janitorial",https://rangeljanitorial.com/locations/walnut-creek/brentwood,1,2,0,False
https://rangeljanitorial.com/locations/walnut-creek/oakley,200,text/html; charset=UTF-8,"Professional Janitorial Services in Oakley, CA | Rangel Janitorial | Rangel Janitorial",https://rangeljanitorial.com/locations/walnut-creek/oakley,1,2,0,False
https://rangeljanitorial.com/locations/walnut-creek/pittsburg,200,text/html; charset=UTF-8,"Professional Janitorial Services in Pittsburg, CA | Rangel Janitorial | Rangel Janitorial",https://rangeljanitorial.com/locations/walnut-creek/pittsburg,1,2,0,False
https://rangeljanitorial.com/locations/walnut-creek/bay-point,200,text/html; charset=UTF-8,"Professional Janitorial Services in Bay Point, CA | Rangel Janitorial | Rangel Janitorial",https://rangeljanitorial.com/locations/walnut-creek/bay-point,1,2,0,False
https://rangeljanitorial.com/locations/walnut-creek/el-cerrito,200,text/html; charset=UTF-8,"Professional Janitorial Services in El Cerrito, CA | Rangel Janitorial | Rangel Janitorial",https://rangeljanitorial.com/locations/walnut-creek/el-cerrito,1,2,0,False
https://rangeljanitorial.com/blog/office-cleaning-best-practices,200,text/html; charset=UTF-8,Office Cleaning Best Practices for a Healthier Workplace | Rangel Janitorial,https://rangeljanitorial.com/blog/office-cleaning-best-practices,1,2,15,True
https://rangeljanitorial.com/blog/janitorial-services-sacramento,200,text/html; charset=UTF-8,Janitorial Services in Sacramento: What to Look For | Rangel Janitorial,https://rangeljanitorial.com/blog/janitorial-services-sacramento,1,2,5,True
https://rangeljanitorial.com/blog/commercial-cleaning-murrieta,200,text/html; charset=UTF-8,Commercial Cleaning in Murrieta & the Inland Empire | Rangel Janitorial,https://rangeljanitorial.com/blog/commercial-cleaning-murrieta,1,2,12,True
https://rangeljanitorial.com/blog/day-porter-benefits,200,text/html; charset=UTF-8,The Benefits of Day Porter Services for Your Facility | Rangel Janitorial,https://rangeljanitorial.com/blog/day-porter-benefits,1,2,11,True
https://rangeljanitorial.com/blog/electrostatic-disinfection-explained,200,text/html; charset=UTF-8,Electrostatic Disinfection Explained: How It Works | Rangel Janitorial,https://rangeljanitorial.com/blog/electrostatic-disinfection-explained,1,2,5,True
https://rangeljanitorial.com/blog/floor-care-vct-strip-wax,200,text/html; charset=UTF-8,Floor Care 101: VCT Strip and Wax Guide | Rangel Janitorial,https://rangeljanitorial.com/blog/floor-care-vct-strip-wax,1,2,4,True
https://rangeljanitorial.com/blog/medical-facility-cleaning-standards,200,text/html; charset=UTF-8,Medical Facility Cleaning Standards You Should Know | Rangel Janitorial,https://rangeljanitorial.com/blog/medical-facility-cleaning-standards,1,2,6,True
https://rangeljanitorial.com/blog/fitness-center-cleaning-guide,200,text/html; charset=UTF-8,Fitness Center Cleaning: A Complete Guide | Rangel Janitorial,https://rangeljanitorial.com/blog/fitness-center-cleaning-guide,1,2,1,False
https://rangeljanitorial.com/blog/choosing-commercial-cleaning-company,200,text/html; charset=UTF-8,How to Choose the Right Commercial Cleaning Company | Rangel Janitorial,https://rangeljanitorial.com/blog/choosing-commercial-cleaning-company,1,2,8,True
https://rangeljanitorial.com/blog/office-cleaning-best-practices-guide,200,text/html; charset=UTF-8,Office Cleaning Best Practices: A Complete Guide | Rangel Janitorial,https://rangeljanitorial.com/blog/office-cleaning-best-practices-guide,1,2,3,True
https://rangeljanitorial.com/blog/green-cleaning-commercial-facilities,200,text/html; charset=UTF-8,Green Cleaning for Commercial Facilities | Rangel Janitorial,https://rangeljanitorial.com/blog/green-cleaning-commercial-facilities,1,2,4,False
https://rangeljanitorial.com/blog/janitorial-services-walnut-creek,200,text/html; charset=UTF-8,Janitorial Services in Walnut Creek & the East Bay | Rangel Janitorial,https://rangeljanitorial.com/blog/janitorial-services-walnut-creek,1,2,7,True
https://rangeljanitorial.com/blog/sacramento-class-a-office-cleaning-checklist,200,text/html; charset=UTF-8,Sacramento Class A Office Cleaning Checklist for Property Managers | Rangel Janitorial,https://rangeljanitorial.com/blog/sacramento-class-a-office-cleaning-checklist,1,2,8,False
https://rangeljanitorial.com/blog/sacramento-medical-office-cleaning-compliance,200,text/html; charset=UTF-8,"Sacramento Medical Office Cleaning: HIPAA, OSHA, and Bloodborne Pathogen Compliance | Rangel Janitorial",https://rangeljanitorial.com/blog/sacramento-medical-office-cleaning-compliance,1,2,5,False
https://rangeljanitorial.com/blog/sacramento-after-hours-janitorial-service,200,text/html; charset=UTF-8,After-Hours Janitorial Service in Sacramento: What to Expect and How to Plan | Rangel Janitorial,https://rangeljanitorial.com/blog/sacramento-after-hours-janitorial-service,1,2,4,False
https://rangeljanitorial.com/blog/sacramento-multi-tenant-property-manager-guide,200,text/html; charset=UTF-8,Sacramento Multi-Tenant Property Management: A Guide to Janitorial Vendor Contracts | Rangel Janitorial,https://rangeljanitorial.com/blog/sacramento-multi-tenant-property-manager-guide,1,2,5,False
https://rangeljanitorial.com/blog/sacramento-industrial-warehouse-cleaning,200,text/html; charset=UTF-8,"Sacramento Industrial and Warehouse Cleaning: Light Manufacturing, Distribution, and Logistics | Rangel Janitorial",https://rangeljanitorial.com/blog/sacramento-industrial-warehouse-cleaning,1,2,2,False
https://rangeljanitorial.com/blog/sacramento-tech-office-coworking-cleaning,200,text/html; charset=UTF-8,"Sacramento Tech Office and Coworking Cleaning: Open-Plan, Hot Desks, and Shared Spaces | Rangel Janitorial",https://rangeljanitorial.com/blog/sacramento-tech-office-coworking-cleaning,1,2,3,False
https://rangeljanitorial.com/blog/sacramento-school-daycare-cleaning,200,text/html; charset=UTF-8,"Sacramento School and Daycare Cleaning: Health, Compliance, and Parent Confidence | Rangel Janitorial",https://rangeljanitorial.com/blog/sacramento-school-daycare-cleaning,1,2,1,False
https://rangeljanitorial.com/blog/sacramento-green-cleaning-leed-sustainability,200,text/html; charset=UTF-8,"Green Cleaning in Sacramento: LEED, Title 24, and Corporate Sustainability Goals | Rangel Janitorial",https://rangeljanitorial.com/blog/sacramento-green-cleaning-leed-sustainability,1,2,2,False
https://rangeljanitorial.com/blog/sacramento-floor-care-climate,200,text/html; charset=UTF-8,Sacramento Floor Care: How Central Valley Climate Shapes Your Cleaning Schedule | Rangel Janitorial,https://rangeljanitorial.com/blog/sacramento-floor-care-climate,1,2,1,False
https://rangeljanitorial.com/blog/sacramento-best-time-hire-janitorial,200,text/html; charset=UTF-8,"When to Hire a Janitorial Service in Sacramento: Timing, Budget Cycles, and Transitions | Rangel Janitorial",https://rangeljanitorial.com/blog/sacramento-best-time-hire-janitorial,1,2,0,False
https://rangeljanitorial.com/blog/sacramento-fitness-center-gym-cleaning,200,text/html; charset=UTF-8,"Sacramento Gym and Fitness Center Cleaning: Member Health, Equipment Care, and Reviews | Rangel Janitorial",https://rangeljanitorial.com/blog/sacramento-fitness-center-gym-cleaning,1,2,1,False
https://rangeljanitorial.com/blog/sacramento-restaurant-restroom-day-porter,200,text/html; charset=UTF-8,"Sacramento Restaurant and Hospitality Day Porter Services: Restrooms, Lobbies, and Reviews | Rangel Janitorial",https://rangeljanitorial.com/blog/sacramento-restaurant-restroom-day-porter,1,2,1,False
https://rangeljanitorial.com/blog/murrieta-temecula-wine-country-cleaning,200,text/html; charset=UTF-8,Murrieta and Temecula Wine Country Office Cleaning Standards | Rangel Janitorial,https://rangeljanitorial.com/blog/murrieta-temecula-wine-country-cleaning,1,2,5,False
https://rangeljanitorial.com/blog/inland-empire-warehouse-distribution-cleaning,200,text/html; charset=UTF-8,Inland Empire Warehouse and Distribution Center Cleaning | Rangel Janitorial,https://rangeljanitorial.com/blog/inland-empire-warehouse-distribution-cleaning,1,2,3,False
https://rangeljanitorial.com/blog/murrieta-medical-dental-urgent-care-cleaning,200,text/html; charset=UTF-8,"Murrieta Medical, Dental, and Urgent Care Cleaning Standards | Rangel Janitorial",https://rangeljanitorial.com/blog/murrieta-medical-dental-urgent-care-cleaning,1,2,2,False
https://rangeljanitorial.com/blog/murrieta-hot-climate-floor-care,200,text/html; charset=UTF-8,Hot Climate Floor Care: Surviving Inland Empire Summers | Rangel Janitorial,https://rangeljanitorial.com/blog/murrieta-hot-climate-floor-care,1,2,0,False
https://rangeljanitorial.com/blog/murrieta-school-district-vendor-selection,200,text/html; charset=UTF-8,Murrieta School District Cleaning Vendor Selection: A Guide for Facilities Directors | Rangel Janitorial,https://rangeljanitorial.com/blog/murrieta-school-district-vendor-selection,1,2,2,False
https://rangeljanitorial.com/blog/murrieta-hospitality-tasting-room-cleaning,200,text/html; charset=UTF-8,Temecula Hospitality and Tasting Room Cleaning Best Practices | Rangel Janitorial,https://rangeljanitorial.com/blog/murrieta-hospitality-tasting-room-cleaning,1,2,1,False
https://rangeljanitorial.com/blog/murrieta-hoa-multifamily-cleaning,200,text/html; charset=UTF-8,Murrieta HOA and Multi-Family Janitorial Service Guide | Rangel Janitorial,https://rangeljanitorial.com/blog/murrieta-hoa-multifamily-cleaning,1,2,0,False
https://rangeljanitorial.com/blog/murrieta-auto-dealership-showroom-cleaning,200,text/html; charset=UTF-8,"Inland Empire Auto Dealership Cleaning: Showrooms, Service Bays, and Customer Experience | Rangel Janitorial",https://rangeljanitorial.com/blog/murrieta-auto-dealership-showroom-cleaning,1,2,0,False
https://rangeljanitorial.com/blog/murrieta-class-a-day-porter,200,text/html; charset=UTF-8,Day Porter Services for Murrieta Class A Office Buildings | Rangel Janitorial,https://rangeljanitorial.com/blog/murrieta-class-a-day-porter,1,2,3,False
https://rangeljanitorial.com/blog/murrieta-post-construction-cleaning,200,text/html; charset=UTF-8,Post-Construction Cleaning in the Inland Empire Building Boom | Rangel Janitorial,https://rangeljanitorial.com/blog/murrieta-post-construction-cleaning,1,2,1,False
https://rangeljanitorial.com/blog/murrieta-electrostatic-disinfection-flu-season,200,text/html; charset=UTF-8,"Murrieta Electrostatic Disinfection: Flu Season, Cold and Flu Outbreaks, and Workplace Wellness | Rangel Janitorial",https://rangeljanitorial.com/blog/murrieta-electrostatic-disinfection-flu-season,1,2,0,False
https://rangeljanitorial.com/blog/murrieta-green-cleaning-sustainability,200,text/html; charset=UTF-8,Murrieta Green Cleaning: Sustainability for Inland Empire Offices and Schools | Rangel Janitorial,https://rangeljanitorial.com/blog/murrieta-green-cleaning-sustainability,1,2,0,False
https://rangeljanitorial.com/blog/walnut-creek-class-a-office-tower-cleaning,200,text/html; charset=UTF-8,Walnut Creek Class A Office Tower Cleaning Standards | Rangel Janitorial,https://rangeljanitorial.com/blog/walnut-creek-class-a-office-tower-cleaning,1,2,6,False
https://rangeljanitorial.com/blog/walnut-creek-biotech-lab-cleaning,200,text/html; charset=UTF-8,East Bay Biotech and Lab Cleaning: Sterile Environment Requirements | Rangel Janitorial,https://rangeljanitorial.com/blog/walnut-creek-biotech-lab-cleaning,1,2,1,False
https://rangeljanitorial.com/blog/walnut-creek-bart-office-cleaning,200,text/html; charset=UTF-8,Walnut Creek BART-Adjacent Office Cleaning: High-Traffic Strategies | Rangel Janitorial,https://rangeljanitorial.com/blog/walnut-creek-bart-office-cleaning,1,2,1,False
https://rangeljanitorial.com/blog/walnut-creek-lamorinda-boutique-office,200,text/html; charset=UTF-8,"Lamorinda Boutique Office Cleaning: Lafayette, Orinda, and Moraga | Rangel Janitorial",https://rangeljanitorial.com/blog/walnut-creek-lamorinda-boutique-office,1,2,1,False
https://rangeljanitorial.com/blog/walnut-creek-tri-valley-tech-campus,200,text/html; charset=UTF-8,"Tri-Valley Tech Campus Cleaning: Pleasanton, Dublin, and San Ramon | Rangel Janitorial",https://rangeljanitorial.com/blog/walnut-creek-tri-valley-tech-campus,1,2,0,False
https://rangeljanitorial.com/blog/walnut-creek-medical-plaza-compliance,200,text/html; charset=UTF-8,Walnut Creek Medical Plaza Cleaning Compliance Guide | Rangel Janitorial,https://rangeljanitorial.com/blog/walnut-creek-medical-plaza-compliance,1,2,1,False
https://rangeljanitorial.com/blog/walnut-creek-east-bay-green-cleaning,200,text/html; charset=UTF-8,East Bay Green Cleaning: Bay Area Environmental Standards | Rangel Janitorial,https://rangeljanitorial.com/blog/walnut-creek-east-bay-green-cleaning,1,2,1,False
https://rangeljanitorial.com/blog/walnut-creek-concord-pleasant-hill-industrial,200,text/html; charset=UTF-8,Concord and Pleasant Hill Industrial Facility Cleaning | Rangel Janitorial,https://rangeljanitorial.com/blog/walnut-creek-concord-pleasant-hill-industrial,1,2,0,False
https://rangeljanitorial.com/blog/walnut-creek-financial-district-after-hours,200,text/html; charset=UTF-8,After-Hours Janitorial Service for Walnut Creek Financial District | Rangel Janitorial,https://rangeljanitorial.com/blog/walnut-creek-financial-district-after-hours,1,2,2,False
https://rangeljanitorial.com/blog/walnut-creek-property-management-rfp-guide,200,text/html; charset=UTF-8,Walnut Creek Property Management Cleaning Vendor RFP Guide | Rangel Janitorial,https://rangeljanitorial.com/blog/walnut-creek-property-management-rfp-guide,1,2,0,False
https://rangeljanitorial.com/blog/office-cleaning-best-practices.md,200,text/markdown; charset=utf-8,,,,,,
https://rangeljanitorial.com/blog/janitorial-services-sacramento.md,200,text/markdown; charset=utf-8,,,,,,
https://rangeljanitorial.com/blog/commercial-cleaning-murrieta.md,200,text/markdown; charset=utf-8,,,,,,
https://rangeljanitorial.com/blog/day-porter-benefits.md,200,text/markdown; charset=utf-8,,,,,,
https://rangeljanitorial.com/blog/electrostatic-disinfection-explained.md,200,text/markdown; charset=utf-8,,,,,,
https://rangeljanitorial.com/blog/floor-care-vct-strip-wax.md,200,text/markdown; charset=utf-8,,,,,,
https://rangeljanitorial.com/blog/medical-facility-cleaning-standards.md,200,text/markdown; charset=utf-8,,,,,,
https://rangeljanitorial.com/blog/fitness-center-cleaning-guide.md,200,text/markdown; charset=utf-8,,,,,,
https://rangeljanitorial.com/blog/choosing-commercial-cleaning-company.md,200,text/markdown; charset=utf-8,,,,,,
https://rangeljanitorial.com/blog/office-cleaning-best-practices-guide.md,200,text/markdown; charset=utf-8,,,,,,
https://rangeljanitorial.com/blog/green-cleaning-commercial-facilities.md,200,text/markdown; charset=utf-8,,,,,,
https://rangeljanitorial.com/blog/janitorial-services-walnut-creek.md,200,text/markdown; charset=utf-8,,,,,,
https://rangeljanitorial.com/blog/sacramento-class-a-office-cleaning-checklist.md,200,text/markdown; charset=utf-8,,,,,,
https://rangeljanitorial.com/blog/sacramento-medical-office-cleaning-compliance.md,200,text/markdown; charset=utf-8,,,,,,
https://rangeljanitorial.com/blog/sacramento-after-hours-janitorial-service.md,200,text/markdown; charset=utf-8,,,,,,
https://rangeljanitorial.com/blog/sacramento-multi-tenant-property-manager-guide.md,200,text/markdown; charset=utf-8,,,,,,
https://rangeljanitorial.com/blog/sacramento-industrial-warehouse-cleaning.md,200,text/markdown; charset=utf-8,,,,,,
https://rangeljanitorial.com/blog/sacramento-tech-office-coworking-cleaning.md,200,text/markdown; charset=utf-8,,,,,,
https://rangeljanitorial.com/blog/sacramento-school-daycare-cleaning.md,200,text/markdown; charset=utf-8,,,,,,
https://rangeljanitorial.com/blog/sacramento-green-cleaning-leed-sustainability.md,200,text/markdown; charset=utf-8,,,,,,
https://rangeljanitorial.com/blog/sacramento-floor-care-climate.md,200,text/markdown; charset=utf-8,,,,,,
https://rangeljanitorial.com/blog/sacramento-best-time-hire-janitorial.md,200,text/markdown; charset=utf-8,,,,,,
https://rangeljanitorial.com/blog/sacramento-fitness-center-gym-cleaning.md,200,text/markdown; charset=utf-8,,,,,,
https://rangeljanitorial.com/blog/sacramento-restaurant-restroom-day-porter.md,200,text/markdown; charset=utf-8,,,,,,
https://rangeljanitorial.com/blog/murrieta-temecula-wine-country-cleaning.md,200,text/markdown; charset=utf-8,,,,,,
https://rangeljanitorial.com/blog/inland-empire-warehouse-distribution-cleaning.md,200,text/markdown; charset=utf-8,,,,,,
https://rangeljanitorial.com/blog/murrieta-medical-dental-urgent-care-cleaning.md,200,text/markdown; charset=utf-8,,,,,,
https://rangeljanitorial.com/blog/murrieta-hot-climate-floor-care.md,200,text/markdown; charset=utf-8,,,,,,
https://rangeljanitorial.com/blog/murrieta-school-district-vendor-selection.md,200,text/markdown; charset=utf-8,,,,,,
https://rangeljanitorial.com/blog/murrieta-hospitality-tasting-room-cleaning.md,200,text/markdown; charset=utf-8,,,,,,
https://rangeljanitorial.com/blog/murrieta-hoa-multifamily-cleaning.md,200,text/markdown; charset=utf-8,,,,,,
https://rangeljanitorial.com/blog/murrieta-auto-dealership-showroom-cleaning.md,200,text/markdown; charset=utf-8,,,,,,
https://rangeljanitorial.com/blog/murrieta-class-a-day-porter.md,200,text/markdown; charset=utf-8,,,,,,
https://rangeljanitorial.com/blog/murrieta-post-construction-cleaning.md,200,text/markdown; charset=utf-8,,,,,,
https://rangeljanitorial.com/blog/murrieta-electrostatic-disinfection-flu-season.md,200,text/markdown; charset=utf-8,,,,,,
https://rangeljanitorial.com/blog/murrieta-green-cleaning-sustainability.md,200,text/markdown; charset=utf-8,,,,,,
https://rangeljanitorial.com/blog/walnut-creek-class-a-office-tower-cleaning.md,200,text/markdown; charset=utf-8,,,,,,
https://rangeljanitorial.com/blog/walnut-creek-biotech-lab-cleaning.md,200,text/markdown; charset=utf-8,,,,,,
https://rangeljanitorial.com/blog/walnut-creek-bart-office-cleaning.md,200,text/markdown; charset=utf-8,,,,,,
https://rangeljanitorial.com/blog/walnut-creek-lamorinda-boutique-office.md,200,text/markdown; charset=utf-8,,,,,,
https://rangeljanitorial.com/blog/walnut-creek-tri-valley-tech-campus.md,200,text/markdown; charset=utf-8,,,,,,
https://rangeljanitorial.com/blog/walnut-creek-medical-plaza-compliance.md,200,text/markdown; charset=utf-8,,,,,,
https://rangeljanitorial.com/blog/walnut-creek-east-bay-green-cleaning.md,200,text/markdown; charset=utf-8,,,,,,
https://rangeljanitorial.com/blog/walnut-creek-concord-pleasant-hill-industrial.md,200,text/markdown; charset=utf-8,,,,,,
https://rangeljanitorial.com/blog/walnut-creek-financial-district-after-hours.md,200,text/markdown; charset=utf-8,,,,,,
https://rangeljanitorial.com/blog/walnut-creek-property-management-rfp-guide.md,200,text/markdown; charset=utf-8,,,,,,
https://rangeljanitorial.com/llms.txt,200,text/plain; charset=utf-8,,,,,,
https://rangeljanitorial.com/llms-full.txt,200,text/plain; charset=utf-8,,,,,,
